USE BT4;
GO

-- disable all constraints
EXEC sp_MSforeachtable "ALTER TABLE ? NOCHECK CONSTRAINT all"


----------Table Chi Nhanh
-- Thêm dữ liệu vào bảng ChiNhanh
INSERT INTO ChiNhanh (Ten, SDT, SoNha, Duong, Phuong, Quan, ThanhPho, ThoiGianHoatDong)
VALUES 
('Chi nhanh A', '0123456789', '123', 'Nguyen Van Linh', 'Binh Thuan', 'District 7', 'Ho Chi Minh City', '8:00:00 - 22:00:00'),
('Chi nhanh B', '0987654321', '456', 'Le Van Luong', 'Tan Thuan Tay', 'District 7', 'Ho Chi Minh City', '8:00:00 - 22:00:00'),
('Chi nhanh C', '0369871245', '789', 'Tran Phu', 'An Phu', 'District 2', 'Ho Chi Minh City', '8:00:00 - 22:00:00'),
('Chi nhanh D', '0321456987', '1011', 'Cach Mang Thang Tam', 'Tan Thanh', 'District 10', 'Ho Chi Minh City', '8:00:00 - 22:00:00'),
('Chi nhanh E', '0231458967', '1213', 'Tran Hung Dao', 'Co Giang', 'District 1', 'Ho Chi Minh City', '8:00:00 - 22:00:00');

-- Thêm dữ liệu vào bảng ChiNhanh_QuanLy
INSERT INTO ChiNhanh_QuanLy (TenChiNhanh, MaNhanVien, NgayBatDauQuanLi)
VALUES 
('Chi nhanh A', 'NV00000001', '2022-01-01'),
('Chi nhanh B', 'NV00000002', '2022-12-01'),
('Chi nhanh C', 'NV00000003', '2023-06-02'),
('Chi nhanh D', 'NV00000004', '2023-11-02'),
('Chi nhanh E', 'NV00000005', '2024-04-01');




INSERT INTO DoanhThu (TenChiNhanh, NgayChotSo)
VALUES 
    ('Chi Nhanh A', '2024-01-31'),
    ('Chi Nhanh A', '2024-02-29'),
    ('Chi Nhanh B', '2024-01-31'),
    ('Chi Nhanh B', '2024-02-29'),
    ('Chi Nhanh C', '2024-01-31'),
    ('Chi Nhanh C', '2024-02-29'),
    ('Chi Nhanh D', '2024-01-31'),
    ('Chi Nhanh D', '2024-02-29');

----------Table NhanVien
-- Thêm dữ liệu vào bảng NhanVien
INSERT INTO NhanVien (HoVaTen, MaNhanVien, CCCD, NgaySinh, DiaChi, GioiTinh, Email, SoTaiKhoan, NgayVaoLam, TenChiNhanh)
VALUES
('Nguyen Van A', 'NV00000001', '123456789012', '1990-01-01', '123 Nguyen Van Linh', 'Nam', 'nguyenvana@example.com', '123456789', '2022-01-01', 'Chi nhanh A'),
('Nguyen Thi B', 'NV00000002', '234567890123', '1995-02-02', '456 Le Van Luong', 'Nu', 'nguyenthie@example.com', '234567890', '2022-12-01', 'Chi nhanh B'),
('Tran Van C', 'NV00000003', '345678901234', '2000-03-03', '789 Tran Phu', 'Nam', 'tranvanc@example.com', '345678901', '2023-06-02', 'Chi nhanh C'),
('Tran Thi D', 'NV00000004', '456789012345', '2002-04-04', '1011 Cach Mang Thang Tam', 'Nu', 'tranthid@example.com', '456789012', '2023-11-02', 'Chi nhanh D'),
('Le Van E', 'NV00000005', '567890123456', '2001-05-05', '1213 Tran Hung Dao', 'Nam', 'levane@example.com', '567890123', '2024-04-01', 'Chi nhanh E'),
('Pham Van F', 'NV00000006', '678901234567', '1990-01-01', '1234 Nguyen Van Linh', 'Nam', 'phamvanf@example.com', '678901234', '2022-01-01', 'Chi nhanh A'),
('Pham Thi G', 'NV00000007', '789012345678', '1995-02-02', '4567 Le Van Luong', 'Nu', 'phamthig@example.com', '789012345', '2022-12-01', 'Chi nhanh B'),
('Le Van H', 'NV00000008', '890123456789', '2000-03-03', '7890 Tran Phu', 'Nam', 'levanh@example.com', '890123456', '2023-06-02', 'Chi nhanh C'),
('Le Thi I', 'NV00000009', '901234567890', '2003-04-04', '1012 Cach Mang Thang Tam', 'Nu', 'lethii@example.com', '901234567', '2023-11-02', 'Chi nhanh D'),
('Tran Van K', 'NV00000010', '012345678901', '1992-05-05', '1214 Tran Hung Dao', 'Nam', 'tranvank@example.com', '012345678', '2024-04-01', 'Chi nhanh E'),
('Nguyen Van L', 'NV00000011', '123456789010', '1990-01-01', '1230 Nguyen Van Linh', 'Nam', 'nguyenvanl@example.com', '987654321', '2022-01-01', 'Chi nhanh A'),
('Nguyen Thi M', 'NV00000012', '234567890101', '1995-02-02', '4560 Le Van Luong', 'Nu', 'nguyenthim@example.com', '876543210', '2022-12-01', 'Chi nhanh B'),
('Tran Van N', 'NV00000013', '345678901012', '2000-03-03', '7890 Tran Phu', 'Nam', 'tranvann@example.com', '765432109', '2023-06-02', 'Chi nhanh C'),
('Tran Thi O', 'NV00000014', '456789010123', '1997-04-04', '1010 Cach Mang Thang Tam', 'Nu', 'tranthio@example.com', '654321098', '2023-11-02', 'Chi nhanh D'),
('Le Van P', 'NV00000015', '567890101234', '1998-05-05', '1210 Tran Hung Dao', 'Nam', 'levanp@example.com', '543210987', '2024-04-01', 'Chi nhanh E'),
('Pham Van Q', 'NV00000016', '678901012345', '1990-01-01', '121 Nguyen Van Linh', 'Nam', 'phamvanq@example.com', '432109876', '2022-01-01', 'Chi nhanh A'),
('Pham Thi R', 'NV00000017', '789010123456', '1995-02-02', '451 Le Van Luong', 'Nu', 'phamthir@example.com', '321098765', '2022-12-01', 'Chi nhanh B'),
('Le Van S', 'NV00000018', '890101234567', '2000-03-03', '781 Tran Phu', 'Nam', 'levans@example.com', '210987654', '2023-07-03', 'Chi nhanh C'),
('Le Thi T', 'NV00000019', '901012345678', '1999-04-04', '1011 Cach Mang Thang Tam', 'Nu', 'lethit@example.com', '109876543', '2023-11-02', 'Chi nhanh D'),
('Tran Van U', 'NV00000020', '010123456789', '1996-05-05', '1222 Tran Hung Dao', 'Nam', 'tranvanu@example.com', '111111111', '2024-04-01', 'Chi nhanh E'),
('Nguyen Van V', 'NV00000021', '987654321000', '1990-01-01', '127 Nguyen Van Linh', 'Nam', 'nguyenvanv@example.com', '222244441', '2022-01-01', 'Chi nhanh A'),
('Nguyen Thi W', 'NV00000022', '876543210009', '1995-02-02', '450 Le Van Luong', 'Nu', 'nguyenthiw@example.com', '111444555', '2022-12-01', 'Chi nhanh B'),
('Tran Van X', 'NV00000023', '765432100098', '2000-03-03', '711 Tran Phu', 'Nam', 'tranvanx@example.com', '222555888', '2024-01-03', 'Chi nhanh C'),
('Tran Thi Y', 'NV00000024', '654321000987', '1993-04-04', '1 Cach Mang Thang Tam', 'Nu', 'tranthiy@example.com', '444555666', '2023-11-02', 'Chi nhanh D'),
('Le Van Z', 'NV00000025', '543210009876', '1999-05-05', '12 Tran Hung Dao', 'Nam', 'levanz@example.com', '777888999', '2024-04-01', 'Chi nhanh E');


-- Thêm dữ liệu vào bảng NhanVien_NhanVien
INSERT INTO NhanVien_NhanVien (MaNhanVien, MaNhanVienGiamSat)
VALUES
('NV00000006', 'NV00000001'),
('NV00000007', 'NV00000002'),
('NV00000008', 'NV00000003'),
('NV00000009', 'NV00000004'),
('NV00000010', 'NV00000005'),
('NV00000011', 'NV00000001'),
('NV00000012', 'NV00000002'),
('NV00000013', 'NV00000003'),
('NV00000014', 'NV00000004'),
('NV00000015', 'NV00000005'),
('NV00000016', 'NV00000001'),
('NV00000017', 'NV00000002'),
('NV00000018', 'NV00000003'),
('NV00000019', 'NV00000004'),
('NV00000020', 'NV00000005'),
('NV00000021', 'NV00000001'),
('NV00000022', 'NV00000002'),
('NV00000023', 'NV00000003'),
('NV00000024', 'NV00000004'),
('NV00000025', 'NV00000005');

--------------Table SDT_NV
INSERT INTO SdtNhanVien(MaNhanVien, SDT)
VALUES 
('NV00000001', '0123456789'),
('NV00000002', '0234567891'),
('NV00000003', '0345678912'),
('NV00000004', '0456789123'),
('NV00000005', '0567891234'),
('NV00000006', '0678912345'),
('NV00000007', '0789123456'),
('NV00000008', '0891234567'),
('NV00000009', '0902345678'),
('NV00000010', '0913456789'),
('NV00000011', '0924567890'),
('NV00000012', '0935678901'),
('NV00000013', '0946789012'),
('NV00000014', '0957890123'),
('NV00000015', '0968901234'),
('NV00000016', '0979012345'),
('NV00000017', '0980123456'),
('NV00000018', '0981234567'),
('NV00000019', '0982345678'),
('NV00000020', '0983456789'),
('NV00000021', '0984567890'),
('NV00000022', '0985678901'),
('NV00000023', '0986789012'),
('NV00000024', '0987890123'),
('NV00000025', '0988901234');


--------------Table QuanLy

INSERT INTO QuanLy (MaNhanVien, Luong)
VALUES 
('NV00000001', 30000000),
('NV00000002', 25000000),
('NV00000003', 27000000),
('NV00000004', 30000000),
('NV00000005', 28000000);


--------------Table PhucVu
INSERT INTO PhucVu (MaNhanVien)
VALUES 
('NV00000006'),
('NV00000007'),
('NV00000008'),
('NV00000009'),
('NV00000010'),
('NV00000011'),
('NV00000012'),
('NV00000013'),
('NV00000014'),
('NV00000015'),
('NV00000016'),
('NV00000017'),
('NV00000018'),
('NV00000019'),
('NV00000020'),
('NV00000021'),
('NV00000022'),
('NV00000023'),
('NV00000024'),
('NV00000025');

----------------Table PVToanThoiGian
INSERT INTO PhucVuToanThoiGian (MaNhanVien, Luong)
VALUES 
('NV00000006', 10000000),
('NV00000007', 12000000),
('NV00000008', 9000000),
('NV00000009', 13000000),
('NV00000010', 11000000),
('NV00000011', 10000000),
('NV00000012', 15000000),
('NV00000013', 14000000),
('NV00000014', 8000000),
('NV00000015', 13000000),
('NV00000016', 11000000),
('NV00000017', 9000000),
('NV00000018', 10000000),
('NV00000019', 12000000),
('NV00000020', 14000000);


----------------Table PVBanThoiGian
INSERT INTO PhucVuTheoGio (MaNhanVien, LuongTheoGio)
VALUES 
('NV00000021', 35000),
('NV00000022', 30000),
('NV00000023', 32000),
('NV00000024', 28000),
('NV00000025', 30000);

----------------Table CaLamViec
INSERT INTO CaLamViec (MaNhanVien, NgayLamViec, GioBatDau, GioKetThuc)
VALUES 
    ('NV00000021', '2024-01-01', '08:00:00', '12:00:00'),
    ('NV00000021', '2024-01-02', '13:00:00', '17:00:00'),
    ('NV00000021', '2024-01-04', '08:00:00', '12:00:00'),
    ('NV00000021', '2024-01-06', '13:00:00', '17:00:00'),
    ('NV00000021', '2024-01-09', '08:00:00', '12:00:00'),
    ('NV00000021', '2024-01-10', '18:00:00', '22:00:00'),
    ('NV00000021', '2024-01-12', '08:00:00', '12:00:00'),
    ('NV00000021', '2024-01-12', '13:00:00', '17:00:00'),
    ('NV00000021', '2024-01-13', '08:00:00', '12:00:00'),
    ('NV00000021', '2024-01-15', '13:00:00', '17:00:00'),
    ('NV00000021', '2024-01-18', '08:00:00', '12:00:00'),
    ('NV00000021', '2024-01-18', '13:00:00', '17:00:00'),
    ('NV00000021', '2024-01-20', '08:00:00', '12:00:00'),
    ('NV00000021', '2024-01-20', '13:00:00', '17:00:00'),
    ('NV00000021', '2024-01-22', '18:00:00', '22:00:00'),
    ('NV00000021', '2024-01-25', '13:00:00', '17:00:00'),
    ('NV00000021', '2024-01-28', '08:00:00', '12:00:00'),
    ('NV00000021', '2024-01-30', '13:00:00', '17:00:00'),

    ('NV00000021', '2024-02-01', '08:00:00', '12:00:00'),
    ('NV00000021', '2024-02-02', '13:00:00', '17:00:00'),
    ('NV00000021', '2024-02-04', '08:00:00', '12:00:00'),
    ('NV00000021', '2024-02-06', '13:00:00', '17:00:00'),
    ('NV00000021', '2024-02-09', '08:00:00', '12:00:00'),
    ('NV00000021', '2024-02-10', '13:00:00', '17:00:00'),
    ('NV00000021', '2024-02-12', '08:00:00', '12:00:00'),
    ('NV00000021', '2024-02-12', '13:00:00', '17:00:00'),
    ('NV00000021', '2024-02-13', '08:00:00', '12:00:00'),
    ('NV00000021', '2024-02-15', '13:00:00', '17:00:00'),
    ('NV00000021', '2024-02-18', '08:00:00', '12:00:00'),
    ('NV00000021', '2024-02-20', '13:00:00', '17:00:00'),
    ('NV00000021', '2024-02-22', '08:00:00', '12:00:00'),
    ('NV00000021', '2024-02-28', '08:00:00', '12:00:00'),

    ('NV00000022', '2024-01-03', '08:00:00', '12:00:00'),
    ('NV00000022', '2024-01-05', '13:00:00', '17:00:00'),
    ('NV00000022', '2024-01-06', '08:00:00', '12:00:00'),
    ('NV00000022', '2024-01-06', '13:00:00', '17:00:00'),
    ('NV00000022', '2024-01-07', '08:00:00', '12:00:00'),
    ('NV00000022', '2024-01-08', '18:00:00', '22:00:00'),
    ('NV00000022', '2024-01-10', '08:00:00', '12:00:00'),
    ('NV00000022', '2024-01-11', '13:00:00', '17:00:00'),
    ('NV00000022', '2024-01-13', '08:00:00', '12:00:00'),
    ('NV00000022', '2024-01-14', '13:00:00', '17:00:00'),
    ('NV00000022', '2024-01-15', '08:00:00', '12:00:00'),
    ('NV00000022', '2024-01-17', '13:00:00', '17:00:00'),
    ('NV00000022', '2024-01-21', '08:00:00', '12:00:00'),
    ('NV00000022', '2024-01-24', '13:00:00', '17:00:00'),
    ('NV00000022', '2024-01-25', '13:00:00', '17:00:00'),
    ('NV00000022', '2024-01-28', '08:00:00', '12:00:00'),
    ('NV00000022', '2024-01-30', '13:00:00', '17:00:00'),

    ('NV00000022', '2024-02-03', '08:00:00', '12:00:00'),
    ('NV00000022', '2024-02-05', '13:00:00', '17:00:00'),
    ('NV00000022', '2024-02-07', '08:00:00', '12:00:00'),
    ('NV00000022', '2024-02-08', '13:00:00', '17:00:00'),
    ('NV00000022', '2024-02-09', '08:00:00', '12:00:00'),
    ('NV00000022', '2024-02-10', '13:00:00', '17:00:00'),
    ('NV00000022', '2024-02-12', '08:00:00', '12:00:00'),
    ('NV00000022', '2024-02-12', '13:00:00', '17:00:00'),
    ('NV00000022', '2024-02-13', '08:00:00', '12:00:00'),
    ('NV00000022', '2024-02-15', '13:00:00', '17:00:00'),
    ('NV00000022', '2024-02-20', '13:00:00', '17:00:00'),
    ('NV00000022', '2024-02-22', '08:00:00', '12:00:00'),
    ('NV00000022', '2024-02-28', '08:00:00', '12:00:00'),
    ('NV00000022', '2024-02-29', '13:00:00', '17:00:00'),


    ('NV00000023', '2024-01-01', '08:00:00', '12:00:00'),
    ('NV00000023', '2024-01-02', '13:00:00', '17:00:00'),
    ('NV00000023', '2024-01-04', '08:00:00', '12:00:00'),
    ('NV00000023', '2024-01-06', '13:00:00', '17:00:00'),
    ('NV00000023', '2024-01-09', '08:00:00', '12:00:00'),
    ('NV00000023', '2024-01-10', '18:00:00', '22:00:00'),
    ('NV00000023', '2024-01-12', '08:00:00', '12:00:00'),
    ('NV00000023', '2024-01-12', '13:00:00', '17:00:00'),
    ('NV00000023', '2024-01-15', '13:00:00', '17:00:00'),
    ('NV00000023', '2024-01-18', '08:00:00', '12:00:00'),
    ('NV00000023', '2024-01-18', '13:00:00', '17:00:00'),
    ('NV00000023', '2024-01-20', '08:00:00', '12:00:00'),
    ('NV00000023', '2024-01-20', '13:00:00', '17:00:00'),
    ('NV00000023', '2024-01-22', '18:00:00', '22:00:00'),
    ('NV00000023', '2024-01-25', '13:00:00', '17:00:00'),
    ('NV00000023', '2024-01-28', '08:00:00', '12:00:00'),
    ('NV00000023', '2024-01-30', '13:00:00', '17:00:00'),

    ('NV00000023', '2024-02-01', '08:00:00', '12:00:00'),
    ('NV00000023', '2024-02-02', '13:00:00', '17:00:00'),
    ('NV00000023', '2024-02-04', '08:00:00', '12:00:00'),
    ('NV00000023', '2024-02-06', '13:00:00', '17:00:00'),
    ('NV00000023', '2024-02-09', '08:00:00', '12:00:00'),
    ('NV00000023', '2024-02-12', '08:00:00', '12:00:00'),
    ('NV00000023', '2024-02-12', '13:00:00', '17:00:00'),
    ('NV00000023', '2024-02-13', '08:00:00', '12:00:00'),
    ('NV00000023', '2024-02-15', '13:00:00', '17:00:00'),
    ('NV00000023', '2024-02-20', '13:00:00', '17:00:00'),
    ('NV00000023', '2024-02-22', '08:00:00', '12:00:00'),
    ('NV00000023', '2024-02-28', '08:00:00', '12:00:00'),
    ('NV00000023', '2024-02-29', '13:00:00', '17:00:00'),

    ('NV00000024', '2024-01-03', '08:00:00', '12:00:00'),
    ('NV00000024', '2024-01-05', '13:00:00', '17:00:00'),
    ('NV00000024', '2024-01-06', '08:00:00', '12:00:00'),
    ('NV00000024', '2024-01-06', '13:00:00', '17:00:00'),
    ('NV00000024', '2024-01-07', '08:00:00', '12:00:00'),
    ('NV00000024', '2024-01-08', '18:00:00', '22:00:00'),
    ('NV00000024', '2024-01-10', '08:00:00', '12:00:00'),
    ('NV00000024', '2024-01-11', '13:00:00', '17:00:00'),
    ('NV00000024', '2024-01-13', '08:00:00', '12:00:00'),
    ('NV00000024', '2024-01-14', '13:00:00', '17:00:00'),
    ('NV00000024', '2024-01-15', '08:00:00', '12:00:00'),
    ('NV00000024', '2024-01-17', '13:00:00', '17:00:00'),
    ('NV00000024', '2024-01-21', '08:00:00', '12:00:00'),
    ('NV00000024', '2024-01-24', '13:00:00', '17:00:00'),
    ('NV00000024', '2024-01-25', '13:00:00', '17:00:00'),
    ('NV00000024', '2024-01-28', '08:00:00', '12:00:00'),
    ('NV00000024', '2024-01-30', '13:00:00', '17:00:00'),

    ('NV00000024', '2024-02-03', '08:00:00', '12:00:00'),
    ('NV00000024', '2024-02-05', '13:00:00', '17:00:00'),
    ('NV00000024', '2024-02-07', '08:00:00', '12:00:00'),
    ('NV00000024', '2024-02-08', '13:00:00', '17:00:00'),
    ('NV00000024', '2024-02-09', '08:00:00', '12:00:00'),
    ('NV00000024', '2024-02-10', '13:00:00', '17:00:00'),
    ('NV00000024', '2024-02-12', '08:00:00', '12:00:00'),
    ('NV00000024', '2024-02-12', '13:00:00', '17:00:00'),
    ('NV00000024', '2024-02-13', '08:00:00', '12:00:00'),
    ('NV00000024', '2024-02-15', '13:00:00', '17:00:00'),
    ('NV00000024', '2024-02-20', '13:00:00', '17:00:00'),
    ('NV00000024', '2024-02-22', '08:00:00', '12:00:00'),
    ('NV00000024', '2024-02-28', '08:00:00', '12:00:00'),

    ('NV00000025', '2024-01-01', '08:00:00', '12:00:00'),
    ('NV00000025', '2024-01-02', '13:00:00', '17:00:00'),
    ('NV00000025', '2024-01-04', '08:00:00', '12:00:00'),
    ('NV00000025', '2024-01-06', '13:00:00', '17:00:00'),
    ('NV00000025', '2024-01-10', '18:00:00', '22:00:00'),
    ('NV00000025', '2024-01-12', '08:00:00', '12:00:00'),
    ('NV00000025', '2024-01-12', '13:00:00', '17:00:00'),
    ('NV00000025', '2024-01-13', '08:00:00', '12:00:00'),
    ('NV00000025', '2024-01-15', '13:00:00', '17:00:00'),
    ('NV00000025', '2024-01-18', '13:00:00', '17:00:00'),
    ('NV00000025', '2024-01-20', '08:00:00', '12:00:00'),
    ('NV00000025', '2024-01-20', '13:00:00', '17:00:00'),
    ('NV00000025', '2024-01-22', '18:00:00', '22:00:00'),
    ('NV00000025', '2024-01-25', '13:00:00', '17:00:00'),
    ('NV00000025', '2024-01-28', '08:00:00', '12:00:00'),
    ('NV00000025', '2024-01-30', '13:00:00', '17:00:00'),

    ('NV00000025', '2024-02-01', '08:00:00', '12:00:00'),
    ('NV00000025', '2024-02-02', '13:00:00', '17:00:00'),
    ('NV00000025', '2024-02-04', '08:00:00', '12:00:00'),
    ('NV00000025', '2024-02-06', '13:00:00', '17:00:00'),
    ('NV00000025', '2024-02-09', '08:00:00', '12:00:00'),
    ('NV00000025', '2024-02-10', '13:00:00', '17:00:00'),
    ('NV00000025', '2024-02-12', '08:00:00', '12:00:00'),
    ('NV00000025', '2024-02-12', '13:00:00', '17:00:00'),
    ('NV00000025', '2024-02-13', '08:00:00', '12:00:00'),
    ('NV00000025', '2024-02-15', '13:00:00', '17:00:00'),
    ('NV00000025', '2024-02-18', '08:00:00', '12:00:00'),
    ('NV00000025', '2024-02-20', '13:00:00', '17:00:00'),
    ('NV00000025', '2024-02-22', '08:00:00', '12:00:00'),
    ('NV00000025', '2024-02-28', '08:00:00', '12:00:00');




----------------Table NguyenLieu:
INSERT INTO NguyenLieu (MaNguyenLieu, TenNguyenLieu)
VALUES 
    ('NL00000001', 'Ca phe'),
    ('NL00000002', 'Bot Kem'),
    ('NL00000003', 'Bot cacao'),
    ('NL00000004', 'Sua Tuoi'),
    ('NL00000005', 'Tra den'),
    ('NL00000006', 'Sua chua'),
    ('NL00000007', 'Soda');


INSERT INTO NguyenLieuTaiChiNhanh (TenChiNhanh, MaNguyenLieu, SoLuong)
VALUES 
    ('Chi Nhanh A', 'NL00000001', 123),
    ('Chi Nhanh A', 'NL00000002', 456),
    ('Chi Nhanh A', 'NL00000003', 789),
    ('Chi Nhanh A', 'NL00000004', 234),
    ('Chi Nhanh A', 'NL00000005', 567),
    ('Chi Nhanh A', 'NL00000006', 890),
    ('Chi Nhanh A', 'NL00000007', 123),
    ('Chi Nhanh B', 'NL00000001', 123),
    ('Chi Nhanh B', 'NL00000002', 456),
    ('Chi Nhanh B', 'NL00000003', 789),
    ('Chi Nhanh B', 'NL00000004', 234),
    ('Chi Nhanh B', 'NL00000005', 567),
    ('Chi Nhanh B', 'NL00000006', 890),
    ('Chi Nhanh B', 'NL00000007', 123),
    ('Chi Nhanh C', 'NL00000001', 123),
    ('Chi Nhanh C', 'NL00000002', 456),
    ('Chi Nhanh C', 'NL00000003', 789),
    ('Chi Nhanh C', 'NL00000004', 234),
    ('Chi Nhanh C', 'NL00000005', 567),
    ('Chi Nhanh C', 'NL00000006', 890),
    ('Chi Nhanh C', 'NL00000007', 123),
    ('Chi Nhanh D', 'NL00000001', 123),
    ('Chi Nhanh D', 'NL00000002', 456),
    ('Chi Nhanh D', 'NL00000003', 789),
    ('Chi Nhanh D', 'NL00000004', 234),
    ('Chi Nhanh D', 'NL00000005', 567),
    ('Chi Nhanh D', 'NL00000006', 890),
    ('Chi Nhanh D', 'NL00000007', 123),
    ('Chi Nhanh E', 'NL00000001', 123),
    ('Chi Nhanh E', 'NL00000002', 456),
    ('Chi Nhanh E', 'NL00000003', 789),
    ('Chi Nhanh E', 'NL00000004', 234),
    ('Chi Nhanh E', 'NL00000005', 567),
    ('Chi Nhanh E', 'NL00000006', 890),
    ('Chi Nhanh E', 'NL00000007', 123);

INSERT INTO NhapNguyenLieu (TenChiNhanh, MaNguyenLieu)
VALUES 
    ('Chi Nhanh A', 'NL00000001'),
    ('Chi Nhanh A', 'NL00000002'),
    ('Chi Nhanh A', 'NL00000003'),
    ('Chi Nhanh A', 'NL00000004'),
    ('Chi Nhanh A', 'NL00000005'),
    ('Chi Nhanh A', 'NL00000006'),
    ('Chi Nhanh A', 'NL00000007'),
    ('Chi Nhanh B', 'NL00000001'),
    ('Chi Nhanh B', 'NL00000002'),
    ('Chi Nhanh B', 'NL00000003'),
    ('Chi Nhanh B', 'NL00000004'),
    ('Chi Nhanh B', 'NL00000005'),
    ('Chi Nhanh B', 'NL00000006'),
    ('Chi Nhanh B', 'NL00000007'),

    ('Chi Nhanh C', 'NL00000001'),
    ('Chi Nhanh C', 'NL00000002'),
    ('Chi Nhanh C', 'NL00000003'),
    ('Chi Nhanh C', 'NL00000004'),
    ('Chi Nhanh C', 'NL00000005'),
    ('Chi Nhanh C', 'NL00000006'),
    ('Chi Nhanh C', 'NL00000007'),

    ('Chi Nhanh D', 'NL00000001'),
    ('Chi Nhanh D', 'NL00000002'),
    ('Chi Nhanh D', 'NL00000003'),
    ('Chi Nhanh D', 'NL00000004'),
    ('Chi Nhanh D', 'NL00000005'),
    ('Chi Nhanh D', 'NL00000006'),
    ('Chi Nhanh D', 'NL00000007'),

    ('Chi Nhanh E', 'NL00000001'),
    ('Chi Nhanh E', 'NL00000002'),
    ('Chi Nhanh E', 'NL00000003'),
    ('Chi Nhanh E', 'NL00000004'),
    ('Chi Nhanh E', 'NL00000005'),
    ('Chi Nhanh E', 'NL00000006'),
    ('Chi Nhanh E', 'NL00000007');

INSERT INTO LoNguyenLieu (TenChiNhanh, MaNguyenLieu, NgayNhap, HanSuDung, SoLuong, GiaNhap)
VALUES 
    ('Chi Nhanh A', 'NL00000001', '2024-01-01', '2025-02-01', 100, 5000.00),
    ('Chi Nhanh A', 'NL00000002', '2024-01-01', '2025-02-01', 100, 6000.00),
    ('Chi Nhanh B', 'NL00000003', '2024-01-01', '2025-02-01', 100, 7000.00),
    ('Chi Nhanh B', 'NL00000004', '2024-01-01', '2025-02-01', 150, 8000.00),
    ('Chi Nhanh C', 'NL00000005', '2024-01-01', '2025-02-01', 100, 9000.00),
    ('Chi Nhanh C', 'NL00000006', '2024-01-01', '2025-02-01', 150, 10000.00),
    ('Chi Nhanh D', 'NL00000007', '2024-01-01', '2025-02-01', 100, 11000.00),
    ('Chi Nhanh D', 'NL00000002', '2024-01-01', '2025-02-01', 150, 60000.00),
    ('Chi Nhanh E', 'NL00000004', '2024-01-01', '2025-02-01', 100, 80000.00),
    ('Chi Nhanh E', 'NL00000006', '2024-01-01', '2025-02-01', 150, 10000.00);



-----------------------------------------------
----------------Table Ban
INSERT INTO Ban (TenChiNhanh, MaBan)
VALUES 
    ('Chi Nhanh A', 'BAN0000001'),
    ('Chi Nhanh A', 'BAN0000002'),
    ('Chi Nhanh A', 'BAN0000003'),
    ('Chi Nhanh A', 'BAN0000004'),
    ('Chi Nhanh A', 'BAN0000005'),
    ('Chi Nhanh A', 'BAN0000006'),
    ('Chi Nhanh A', 'BAN0000007'),
    ('Chi Nhanh A', 'BAN0000008'),
    ('Chi Nhanh A', 'BAN0000009'),
    ('Chi Nhanh A', 'BAN0000010'),

    ('Chi Nhanh B', 'BAN0000001'),
    ('Chi Nhanh B', 'BAN0000002'),
    ('Chi Nhanh B', 'BAN0000003'),
    ('Chi Nhanh B', 'BAN0000004'),
    ('Chi Nhanh B', 'BAN0000005'),
    ('Chi Nhanh B', 'BAN0000006'),
    ('Chi Nhanh B', 'BAN0000007'),
    ('Chi Nhanh B', 'BAN0000008'),

    ('Chi Nhanh C', 'BAN0000001'),
    ('Chi Nhanh C', 'BAN0000002'),
    ('Chi Nhanh C', 'BAN0000003'),
    ('Chi Nhanh C', 'BAN0000004'),
    ('Chi Nhanh C', 'BAN0000005'),
    ('Chi Nhanh C', 'BAN0000006'),

    ('Chi Nhanh D', 'BAN0000001'),
    ('Chi Nhanh D', 'BAN0000002'),
    ('Chi Nhanh D', 'BAN0000003'),
    ('Chi Nhanh D', 'BAN0000004'),
    ('Chi Nhanh D', 'BAN0000005'),
    ('Chi Nhanh D', 'BAN0000006'),
    ('Chi Nhanh D', 'BAN0000007'),
    ('Chi Nhanh D', 'BAN0000008'),
    ('Chi Nhanh D', 'BAN0000009'),
    ('Chi Nhanh D', 'BAN0000010'),

    ('Chi Nhanh E', 'BAN0000001'),
    ('Chi Nhanh E', 'BAN0000002'),
    ('Chi Nhanh E', 'BAN0000003'),
    ('Chi Nhanh E', 'BAN0000004'),
    ('Chi Nhanh E', 'BAN0000005');


INSERT INTO SuDungBan (TenChiNhanh, MaBan, MaDonHang)
VALUES 
    ('Chi Nhanh A', 'BAN0000002', 'DH00000003'),
    ('Chi Nhanh A', 'BAN0000010', 'DH00000011'),

    ('Chi Nhanh B', 'BAN0000004', 'DH00000012'),
    ('Chi Nhanh B', 'BAN0000001', 'DH00000013'),
    ('Chi Nhanh B', 'BAN0000008', 'DH00000020'),

    ('Chi Nhanh C', 'BAN0000003', 'DH00000021'),
    ('Chi Nhanh C', 'BAN0000001', 'DH00000022'),

    ('Chi Nhanh D', 'BAN0000008', 'DH00000036'),
    ('Chi Nhanh D', 'BAN0000009', 'DH00000037'),
    ('Chi Nhanh D', 'BAN0000010', 'DH00000038');



----------------Table DonHang:
INSERT INTO DonHang (MaDonHang, ThoiGianTao, MaKhuyenMai, MaKhachHang)
VALUES 
    ('DH00000001', '2024-01-01 08:30:00', NULL, 'KH00000001'),
    ('DH00000002', '2024-01-01 10:15:00', NULL, 'KH00000002'),
    ('DH00000003', '2024-01-01 12:45:00', NULL, 'KH00000003'),
    ('DH00000004', '2024-01-02 14:20:00', NULL, 'KH00000004'),
    ('DH00000005', '2024-01-03 16:55:00', NULL, 'KH00000005'),
    ('DH00000006', '2024-01-04 18:30:00', NULL, 'KH00000006'),
    ('DH00000007', '2024-01-05 20:10:00', NULL, 'KH00000007'),
    ('DH00000008', '2024-01-06 21:40:00', NULL, 'KH00000008'),
    ('DH00000009', '2024-01-08 08:30:00', NULL, 'KH00000009'),
    ('DH00000010', '2024-01-10 10:15:00', NULL, 'KH00000010'),
    ('DH00000011', '2024-01-10 12:45:00', NULL, 'KH00000011'),
    ('DH00000012', '2024-01-11 14:20:00', NULL, 'KH00000012'),
    ('DH00000013', '2024-01-12 16:55:00', NULL, 'KH00000013'),
    ('DH00000014', '2024-01-15 18:30:00', NULL, 'KH00000014'),
    ('DH00000015', '2024-01-18 20:10:00', NULL, 'KH00000015'),
    ('DH00000016', '2024-01-18 20:40:00', NULL, 'KH00000016'),
    ('DH00000017', '2024-01-20 08:30:00', NULL, 'KH00000017'),
    ('DH00000018', '2024-01-20 10:15:00', NULL, 'KH00000018'),
    ('DH00000019', '2024-01-22 12:45:00', NULL, 'KH00000019'),
    ('DH00000020', '2024-01-22 14:20:00', NULL, 'KH00000020'),
    ('DH00000021', '2024-01-22 16:55:00', NULL, 'KH00000021'),
    ('DH00000022', '2024-01-23 18:30:00', NULL, 'KH00000022'),
    ('DH00000023', '2024-01-24 20:10:00', NULL, 'KH00000023'),
    ('DH00000024', '2024-01-25 19:40:00', NULL, 'KH00000024'),
    ('DH00000025', '2024-01-26 08:30:00', NULL, 'KH00000025'),
    ('DH00000026', '2024-01-26 10:15:00', NULL, 'KH00000026'),
    ('DH00000027', '2024-01-27 12:45:00', NULL, 'KH00000027'),
    ('DH00000028', '2024-01-28 14:20:00', NULL, 'KH00000028'),
    ('DH00000029', '2024-01-29 16:55:00', NULL, 'KH00000029'),
    ('DH00000030', '2024-01-30 18:30:00', NULL, 'KH00000030'),

    ('DH00000031', '2024-02-01 08:30:00', NULL, 'KH00000001'),
    ('DH00000033', '2024-02-01 12:45:00', NULL, 'KH00000003'),
    ('DH00000034', '2024-02-02 14:20:00', NULL, 'KH00000004'),
    ('DH00000035', '2024-02-03 16:55:00', NULL, 'KH00000005'),
    ('DH00000036', '2024-02-04 18:30:00', NULL, 'KH00000006'),
    ('DH00000037', '2024-02-06 21:40:00', 'KM00000001', 'KH00000008'),
    ('DH00000038', '2024-02-08 08:30:00', 'KM00000001', 'KH00000009'),
    ('DH00000039', '2024-02-10 10:15:00', 'KM00000001', 'KH00000010'),
    ('DH00000040', '2024-02-10 12:45:00', 'KM00000001', 'KH00000011'),
    ('DH00000041', '2024-02-11 14:20:00', 'KM00000001', 'KH00000012'),
    ('DH00000042', '2024-02-12 16:55:00', 'KM00000001', 'KH00000013'),
    ('DH00000043', '2024-02-15 18:30:00', 'KM00000001', 'KH00000014'),
    ('DH00000044', '2024-02-18 20:10:00', NULL, 'KH00000015'),
    ('DH00000045', '2024-02-18 20:40:00', NULL, 'KH00000016'),
    ('DH00000046', '2024-02-20 08:30:00', NULL, 'KH00000017'),
    ('DH00000047', '2024-02-22 12:45:00', NULL, 'KH00000019'),
    ('DH00000048', '2024-02-22 14:20:00', NULL, 'KH00000020'),
    ('DH00000049', '2024-02-22 16:55:00', NULL, 'KH00000002'),
    ('DH00000050', '2024-02-23 18:30:00', NULL, 'KH00000005'),
    ('DH00000051', '2024-02-24 20:10:00', NULL, 'KH00000001'),
    ('DH00000052', '2024-02-25 19:40:00', NULL, 'KH00000002'),
    ('DH00000053', '2024-02-26 08:30:00', NULL, 'KH00000002'),
    ('DH00000054', '2024-02-26 10:15:00', NULL, 'KH00000005'),
    ('DH00000055', '2024-02-27 12:45:00', NULL, 'KH00000007'),
    ('DH00000056', '2024-02-28 14:20:00', NULL, 'KH00000012'),
    ('DH00000057', '2024-02-29 16:55:00', NULL, 'KH00000001');



INSERT INTO DonHang_SanPham (MaDonHang, MaSanPham, SoLuong)
VALUES 
    ('DH00000001', 'SP00000001', 1),
    ('DH00000002', 'SP00000002', 1),
    ('DH00000003', 'SP00000003', 1),
    ('DH00000004', 'SP00000004', 1),
    ('DH00000005', 'SP00000005', 1),
    ('DH00000006', 'SP00000006', 1),
    ('DH00000007', 'SP00000007', 1),
    ('DH00000008', 'SP00000008', 1),
    ('DH00000009', 'SP00000009', 1),
    ('DH00000010', 'SP00000010', 1),
    ('DH00000011', 'SP00000011', 1),
    ('DH00000012', 'SP00000012', 1),
    ('DH00000013', 'SP00000013', 1),
    ('DH00000014', 'SP00000014', 1),
    ('DH00000015', 'SP00000015', 1),
    ('DH00000016', 'SP00000016', 1),
    ('DH00000018', 'SP00000018', 1),
    ('DH00000019', 'SP00000001', 1),
    ('DH00000020', 'SP00000002', 1),
    ('DH00000021', 'SP00000003', 1),
    ('DH00000022', 'SP00000004', 1),
    ('DH00000023', 'SP00000005', 1),
    ('DH00000024', 'SP00000006', 1),
    ('DH00000025', 'SP00000007', 1),
    ('DH00000026', 'SP00000008', 1),
    ('DH00000027', 'SP00000009', 1),
    ('DH00000028', 'SP00000010', 1),
    ('DH00000029', 'SP00000011', 1),
    ('DH00000031', 'SP00000013', 1),
    ('DH00000033', 'SP00000015', 1),
    ('DH00000034', 'SP00000016', 1),
    ('DH00000035', 'SP00000017', 1),
    ('DH00000036', 'SP00000018', 1),
    ('DH00000037', 'SP00000001', 1),
    ('DH00000038', 'SP00000002', 1),
    ('DH00000039', 'SP00000003', 1),
    ('DH00000040', 'SP00000004', 1),
    ('DH00000041', 'SP00000005', 1),
    ('DH00000042', 'SP00000006', 1),
    ('DH00000043', 'SP00000007', 1),
    ('DH00000044', 'SP00000008', 1),
    ('DH00000045', 'SP00000009', 1),
    ('DH00000046', 'SP00000010', 1),
    ('DH00000047', 'SP00000011', 1),
    ('DH00000048', 'SP00000012', 1),
    ('DH00000049', 'SP00000013', 1),
    ('DH00000051', 'SP00000015', 1),
    ('DH00000053', 'SP00000017', 1),
    ('DH00000054', 'SP00000018', 1),
    ('DH00000055', 'SP00000001', 1),
    ('DH00000056', 'SP00000002', 1),
    ('DH00000057', 'SP00000003', 1);    



INSERT INTO DonHang_Combo (MaDonHang, MaKhuyenMai, SoLuong)
VALUES
    ('DH00000017', 'KM00000008', 1),
    ('DH00000030', 'KM00000008', 1),
    ('DH00000050', 'KM00000009', 1), 
    ('DH00000052', 'KM00000010', 1);
-----------------------------------------------
-- Thêm dữ liệu vào bảng KhachHang
INSERT INTO KhachHang (MaKhachHang)
VALUES 
    ('KH00000001'),
    ('KH00000002'),
    ('KH00000003'),
    ('KH00000004'),
    ('KH00000005'),
    ('KH00000006'),
    ('KH00000007'),
    ('KH00000008'),
    ('KH00000009'),
    ('KH00000010'),
    ('KH00000011'),
    ('KH00000012'),
    ('KH00000013'),
    ('KH00000014'),
    ('KH00000015'),
    ('KH00000016'),
    ('KH00000017'),
    ('KH00000018'),
    ('KH00000019'),
    ('KH00000020'),
    ('KH00000021'),
    ('KH00000022'),
    ('KH00000023'),
    ('KH00000024'),
    ('KH00000025'),
    ('KH00000026'),
    ('KH00000027'),
    ('KH00000028'),
    ('KH00000029'),
    ('KH00000030');

-- Thêm dữ liệu vào bảng KhachHangThanhVien
INSERT INTO KhachHangThanhVien (MaKhachHang, TenKhachHang, GioiTinh, SDT, DiemTichLuy)
VALUES 
    ('KH00000001', 'Nguyen Van A', 'Nam', '0123456789', 100),
    ('KH00000002', 'Tran Thi B', 'Nu', '0987654321', 150),
    ('KH00000003', 'Le Van C', 'Nam', '0369871245', 10),
    ('KH00000004', 'Pham Thi D', 'Nu', '0321456987', 0),
    ('KH00000005', 'Hoang Van E', 'Nam', '0231458967', 200),
    ('KH00000006', 'Nguyen Thi F', 'Nu', '0398765432', 30),
    ('KH00000007', 'Tran Van G', 'Nam', '0678912345', 100),
    ('KH00000008', 'Le Thi H', 'Nu', '0543219876', 0),
    ('KH00000009', 'Pham Van I', 'Nam', '0765432198', 0),
    ('KH00000010', 'Hoang Thi K', 'Nu', '0987654321', 120),
    ('KH00000011', 'Tran Van L', 'Nam', '0234567890', 50),
    ('KH00000012', 'Le Thi M', 'Nu', '0369871234', 300),
    ('KH00000013', 'Pham Van N', 'Nam', '0456789123', 200),
    ('KH00000014', 'Hoang Thi P', 'Nu', '0543219876', 0),
    ('KH00000015', 'Tran Van Q', 'Nam', '0678912345', 20),
    ('KH00000016', 'Le Thi R', 'Nu', '0765432198', 0),
    ('KH00000017', 'Pham Van S', 'Nam', '0897654321', 0),
    ('KH00000018', 'Hoang Thi T', 'Nu', '0981234567', 80),
    ('KH00000019', 'Tran Van U', 'Nam', '0234567890', 40),
    ('KH00000020', 'Le Thi V', 'Nu', '0345678912', 20);


INSERT INTO MaGiamGiaBangDiem (MaKhachHang, MaGiamGia, MaDonHang, SoDiem, SoTien)
VALUES 
    ('KH00000001', 'GG00000001', 'DH00000031', 50, 5000),
    ('KH00000015', 'GG00000003', 'DH00000044', 150, 15000),
    ('KH00000020', 'GG00000004', 'DH00000048', 50, 5000),
    ('KH00000005', 'GG00000005', 'DH00000050', 100, 10000),
    ('KH00000002', 'GG00000006', 'DH00000052', 150, 15000),
    ('KH00000012', 'GG00000007', 'DH00000056', 50, 5000);

--KhuyenMai
INSERT INTO ChuongTrinhKhuyenMai (MaKhuyenMai, TenChuongTrinh, NgayBatDau, NgayKetThuc, TheLe)
VALUES 
    ('KM00000001', 'Tet Nguyen Dan', '2024-02-05', '2024-02-15', 'Giam gia 20% cho don hang'),
    ('KM00000002', 'Vui ve', '2024-01-25', '2024-02-05', 'Giam gia 5000 cho don hang tu 100000đ'),
    ('KM00000003', 'Quoc Khanh', '2024-04-15', '2024-05-15', 'Giam gia toi da 30% cho don hang'),
    ('KM00000004', 'Valentine', '2024-02-10', '2024-02-15', 'Giam gia toi da 15% cho don hang tu 200.000đ'),
    ('KM00000005', 'Giang Sinh', '2023-12-20', '2023-12-26', 'Giam gia 5000 cho don hang tu 100000đ'),
    ('KM00000006', 'Ngay Phu Nu', '2023-10-20', '2023-10-20', 'Giam gia 10000 cho don hang'),
    ('KM00000007', 'Khai Truong Chi Nhanh E', '2024-04-01', '2024-04-07', 'Giam gia toi da 50% cho don hang'),
    ('KM00000008', 'Combo 1', '2024-01-15', '2024-02-15', 'Mua Combo 1'),
    ('KM00000009', 'Combo 2', '2024-02-15', '2024-03-15', 'Mua Combo 2'),
    ('KM00000010', 'Combo 3', '2024-02-15', '2024-03-15', 'Mua Combo 3');

INSERT INTO KhuyenMaiTheoDon (MaKhuyenMai, GiaToiThieu)
VALUES 
    ('KM00000001', 0),  
    ('KM00000002', 100000.00),  
    ('KM00000003', 100000.00),         
    ('KM00000004', 200000.00), 
    ('KM00000005', 100000.00),
    ('KM00000006', 100000.00),
    ('KM00000007', 50000.0);

INSERT INTO KhuyenMaiTheoTiLe (MaKhuyenMai, TiLe, GiamToiDa)
VALUES 
    ('KM00000001', 20.00, 50000),
    ('KM00000003', 30.00, 100000),  
    ('KM00000004', 25.00, 50000),  
    ('KM00000007', 50.00, 100000);

INSERT INTO KhuyenMaiTheoSoTien (MaKhuyenMai, SoTienGiam)
VALUES 
    ('KM00000002', 5000.00),
    ('KM00000005', 5000.00), 
    ('KM00000006', 10000.00);

INSERT INTO Combo (MaKhuyenMai, Gia)
VALUES
    ('KM00000008', 60000.00),
    ('KM00000009', 80000.00),
    ('KM00000010', 100000.00);

INSERT INTO Combo_SanPham (MaKhuyenMai, MaSanPham, SoLuong)
VALUES
    ('KM00000008', 'SP00000010', 1),
    ('KM00000008', 'SP00000013', 1),
    ('KM00000009', 'SP00000004', 2),
    ('KM00000010', 'SP00000004', 2),
    ('KM00000010', 'SP00000018', 1);

INSERT INTO ChiNhanh_KhuyenMai (TenChiNhanh, MaKhuyenMai)
VALUES 
    ('Chi Nhanh A', 'KM00000001'),
    ('Chi Nhanh A', 'KM00000002'),
    ('Chi Nhanh A', 'KM00000003'),
    ('Chi Nhanh A', 'KM00000004'),
    ('Chi Nhanh A', 'KM00000005'),
    ('Chi Nhanh A', 'KM00000006'),
    ('Chi Nhanh A', 'KM00000008'),
    ('Chi Nhanh A', 'KM00000009'),
    ('Chi Nhanh A', 'KM00000010'),

    ('Chi Nhanh B', 'KM00000001'),
    ('Chi Nhanh B', 'KM00000002'),
    ('Chi Nhanh B', 'KM00000003'),
    ('Chi Nhanh B', 'KM00000004'),
    ('Chi Nhanh B', 'KM00000005'),
    ('Chi Nhanh B', 'KM00000006'),
    ('Chi Nhanh B', 'KM00000008'),
    ('Chi Nhanh B', 'KM00000009'),
    ('Chi Nhanh B', 'KM00000010'),

    ('Chi Nhanh C', 'KM00000001'),
    ('Chi Nhanh C', 'KM00000003'),
    ('Chi Nhanh C', 'KM00000004'),
    ('Chi Nhanh C', 'KM00000005'),
    ('Chi Nhanh C', 'KM00000006'),
    ('Chi Nhanh C', 'KM00000008'),
    ('Chi Nhanh C', 'KM00000009'),
    ('Chi Nhanh C', 'KM00000010'),

    ('Chi Nhanh D', 'KM00000001'),
    ('Chi Nhanh D', 'KM00000003'),
    ('Chi Nhanh D', 'KM00000004'),
    ('Chi Nhanh D', 'KM00000008'),
    ('Chi Nhanh D', 'KM00000009'),
    ('Chi Nhanh D', 'KM00000010'),

    ('Chi Nhanh E', 'KM00000003'),
    ('Chi Nhanh E', 'KM00000007'),
    ('Chi Nhanh E', 'KM00000008'),
    ('Chi Nhanh E', 'KM00000009'),
    ('Chi Nhanh E', 'KM00000010');

------------------------Table Sản phẩm
INSERT INTO SanPham (MaSanPham, TenSanPham, KichThuoc, Gia)
VALUES 
    ('SP00000001', 'Ca phe', 'L', 35000.00),
    ('SP00000002', 'Cà phe', 'M', 30000.00),
    ('SP00000003', 'Ca phe', 'S', 25000.00),
    ('SP00000004', 'Tra sua', 'L', 45000.00),
    ('SP00000005', 'Tra sua', 'M', 40000.00),
    ('SP00000006', 'Tra sua', 'S', 35000.00),
    ('SP00000007', 'Nuoc ep cam', 'L', 45000.00),
    ('SP00000008', 'Nuoc ep cam', 'M', 40000.00),
    ('SP00000009', 'Nuoc ep cam', 'S', 35000.00),
    ('SP00000010', 'Tra dao', 'L', 40000.00),
    ('SP00000011', 'Tra dao', 'M', 35000.00),
    ('SP00000012', 'Tra dao', 'S', 30000.00),
    ('SP00000013', 'Tra hoa nhai', 'L', 40000.00),
    ('SP00000014', 'Tra hoa nhai', 'M', 35000.00),
    ('SP00000015', 'Tra hoa nhai', 'S', 30000.00),
    ('SP00000016', 'Soda Cacao size L', 'L', 35000.00),
    ('SP00000017', 'Soda Cacao size M', 'M', 30000.00),
    ('SP00000018', 'Soda Cacao size S', 'S', 25000.00);

INSERT INTO NguyenLieu_SanPham (MaSanPham, MaNguyenLieu, SoLuong)
VALUES 
    ('SP00000001','NL00000001', 5),
    ('SP00000002','NL00000001', 7),
    ('SP00000003','NL00000001', 8),

    ('SP00000004','NL00000002', 3),
    ('SP00000004','NL00000004', 7),
    ('SP00000004','NL00000005', 5),
    ('SP00000005','NL00000002', 4),
    ('SP00000005','NL00000004', 10),
    ('SP00000005','NL00000005', 8),
    ('SP00000006','NL00000002', 4),
    ('SP00000006','NL00000004', 13),
    ('SP00000006','NL00000005', 11),

    ('SP00000010','NL00000005', 10),
    ('SP00000011','NL00000005', 12),
    ('SP00000012','NL00000005', 14),
    ('SP00000013','NL00000005', 10),
    ('SP00000014','NL00000005', 12),
    ('SP00000015','NL00000005', 14),

    ('SP00000016','NL00000003', 5),
    ('SP00000016','NL00000007', 10),
    ('SP00000017','NL00000003', 7),
    ('SP00000017','NL00000007', 12),
    ('SP00000018','NL00000003', 9),
    ('SP00000018','NL00000007', 15);

--------------------------HoaDon
INSERT INTO HoaDon (MaHoaDon, ThoiGianXuat, TongSoLuongSanPham, TongTien, SoTienDuocGiam, TenChiNhanh, MaGiaoDich)
VALUES 
    ('HD00000001', '2024-01-01 08:35:00', 1, 35000, 0, 'Chi Nhanh A', 'GD00000001'),
    ('HD00000002', '2024-01-01 10:17:00', 1, 30000, 0, 'Chi Nhanh B', 'GD00000002'),
    ('HD00000003', '2024-01-01 12:47:00', 1, 25000, 0, 'Chi Nhanh C', 'GD00000003'),
    ('HD00000004', '2024-01-02 14:22:00', 1, 45000, 0, 'Chi Nhanh D', 'GD00000004'),
    ('HD00000005', '2024-01-03 16:58:00', 1, 40000, 0, 'Chi Nhanh A', 'GD00000005'),
    ('HD00000006', '2024-01-04 18:32:00', 1, 35000, 0, 'Chi Nhanh A', 'GD00000006'),
    ('HD00000007', '2024-01-05 20:12:00', 1, 45000, 0, 'Chi Nhanh A', 'GD00000007'),
    ('HD00000008', '2024-01-06 21:42:00', 1, 40000, 0, 'Chi Nhanh B', 'GD00000008'),
    ('HD00000009', '2024-01-08 08:32:00', 1, 35000, 0, 'Chi Nhanh B', 'GD00000009'),
    ('HD00000010', '2024-01-10 10:17:00', 1, 40000, 0, 'Chi Nhanh B', 'GD00000010'),
    ('HD00000011', '2024-01-10 12:47:00', 1, 35000, 0, 'Chi Nhanh C', 'GD00000011'),
    ('HD00000012', '2024-01-11 14:22:00', 1, 30000, 0, 'Chi Nhanh C', 'GD00000012'),
    ('HD00000013', '2024-01-12 16:58:00', 1, 40000, 0, 'Chi Nhanh C', 'GD00000013'),
    ('HD00000014', '2024-01-15 18:32:00', 1, 35000, 0, 'Chi Nhanh D', 'GD00000014'),
    ('HD00000015', '2024-01-18 20:12:00', 1, 30000, 0, 'Chi Nhanh D', 'GD00000015'),
    ('HD00000016', '2024-01-18 20:42:00', 1, 35000, 0, 'Chi Nhanh D', 'GD00000016'),
    ('HD00000017', '2024-01-20 08:32:00', 2, 60000, 0, 'Chi Nhanh A', 'GD00000017'),
    ('HD00000018', '2024-01-20 10:17:00', 1, 25000, 0, 'Chi Nhanh B', 'GD00000018'),
    ('HD00000019', '2024-01-22 12:47:00', 1, 35000, 0, 'Chi Nhanh C', 'GD00000019'),
    ('HD00000020', '2024-01-22 14:22:00', 1, 30000, 0, 'Chi Nhanh D', 'GD00000020'),
    ('HD00000021', '2024-01-22 16:58:00', 1, 25000, 0, 'Chi Nhanh A', 'GD00000021'),
    ('HD00000022', '2024-01-23 18:32:00', 1, 45000, 0, 'Chi Nhanh A', 'GD00000022'),
    ('HD00000023', '2024-01-24 20:12:00', 1, 40000, 0, 'Chi Nhanh A', 'GD00000023'),
    ('HD00000024', '2024-01-25 19:42:00', 1, 35000, 0, 'Chi Nhanh B', 'GD00000024'),
    ('HD00000025', '2024-01-26 08:32:00', 1, 45000, 0, 'Chi Nhanh B', 'GD00000025'),
    ('HD00000026', '2024-01-26 10:17:00', 1, 40000, 0, 'Chi Nhanh B', 'GD00000026'),
    ('HD00000027', '2024-01-27 12:47:00', 1, 35000, 0, 'Chi Nhanh C', 'GD00000027'),
    ('HD00000028', '2024-01-28 14:22:00', 1, 40000, 0, 'Chi Nhanh C', 'GD00000028'),
    ('HD00000029', '2024-01-29 16:58:00', 1, 35000, 0, 'Chi Nhanh C', 'GD00000029'),
    ('HD00000030', '2024-01-30 18:32:00', 2, 60000, 0, 'Chi Nhanh D', 'GD00000030'),

    ('HD00000031', '2024-02-01 08:32:00', 1, 40000, 5000, 'Chi Nhanh D', 'GD00000031'),
    ('HD00000032', '2024-02-01 10:17:00', 1, 35000, 0, 'Chi Nhanh D', 'GD00000032'),
    ('HD00000033', '2024-02-01 12:47:00', 1, 30000, 0, 'Chi Nhanh A', 'GD00000033'),
    ('HD00000034', '2024-02-02 14:22:00', 1, 35000, 0, 'Chi Nhanh A', 'GD00000034'),
    ('HD00000035', '2024-02-03 16:58:00', 1, 30000, 0, 'Chi Nhanh A', 'GD00000035'),
    ('HD00000036', '2024-02-04 18:32:00', 1, 25000, 0, 'Chi Nhanh A', 'GD00000036'),
    ('HD00000037', '2024-02-06 21:42:00', 1, 28000, 7000, 'Chi Nhanh B', 'GD00000037'),
    ('HD00000038', '2024-02-08 08:32:00', 1, 24000, 6000, 'Chi Nhanh B', 'GD00000038'),
    ('HD00000039', '2024-02-10 10:17:00', 1, 20000, 5000, 'Chi Nhanh B', 'GD00000039'),
    ('HD00000040', '2024-02-10 12:47:00', 1, 36000, 9000, 'Chi Nhanh B', 'GD00000040'),
    ('HD00000041', '2024-02-11 14:22:00', 1, 32000, 8000, 'Chi Nhanh C', 'GD00000041'),
    ('HD00000042', '2024-02-12 16:58:00', 1, 28000, 7000, 'Chi Nhanh C', 'GD00000042'),
    ('HD00000043', '2024-02-15 18:32:00', 1, 36000, 9000, 'Chi Nhanh C', 'GD00000043'),
    ('HD00000044', '2024-02-18 20:12:00', 1, 25000, 15000, 'Chi Nhanh C', 'GD00000044'),
    ('HD00000045', '2024-02-18 20:42:00', 1, 35000, 0, 'Chi Nhanh D', 'GD00000045'),
    ('HD00000046', '2024-02-20 08:32:00', 1, 40000, 0, 'Chi Nhanh D', 'GD00000046'),
    ('HD00000047', '2024-02-22 12:47:00', 1, 35000, 0, 'Chi Nhanh D', 'GD00000047'),
    ('HD00000048', '2024-02-22 14:22:00', 1, 30000, 5000, 'Chi Nhanh D', 'GD00000048'),
    ('HD00000049', '2024-02-22 16:58:00', 1, 40000, 0, 'Chi Nhanh A', 'GD00000049'),
    ('HD00000050', '2024-02-23 18:32:00', 2, 70000, 10000, 'Chi Nhanh A', 'GD00000050'),
    ('HD00000051', '2024-02-24 20:12:00', 1, 30000, 0, 'Chi Nhanh A', 'GD00000051'),
    ('HD00000052', '2024-02-25 19:42:00', 3, 85000, 15000, 'Chi Nhanh A', 'GD00000052'),
    ('HD00000053', '2024-02-26 08:32:00', 1, 30000, 0, 'Chi Nhanh A', 'GD00000053'),
    ('HD00000054', '2024-02-26 10:17:00', 1, 25000, 0, 'Chi Nhanh A', 'GD00000054'),
    ('HD00000055', '2024-02-27 12:47:00', 1, 35000, 0, 'Chi Nhanh A', 'GD00000055'),
    ('HD00000056', '2024-02-28 14:22:00', 1, 25000, 5000, 'Chi Nhanh A', 'GD00000056'),
    ('HD00000057', '2024-02-29 16:58:00', 1, 25000, 0, 'Chi Nhanh A', 'GD00000057');

INSERT INTO PhuongThucThanhToan (MaGiaoDich, TenPhuongThuc)
VALUES 
    ('GD00000001', 'Tien Mat'),
    ('GD00000002', 'The Ngan Hang'),
    ('GD00000003', 'MoMo'),
    ('GD00000004', 'ZaloPay'),
    ('GD00000005', 'Tien Mat'),
    ('GD00000006', 'Tien Mat'),
    ('GD00000007', 'The Ngan Hang'),
    ('GD00000008', 'MoMo'),
    ('GD00000009', 'Tien Mat'),
    ('GD00000010', 'ZaloPay'),
    ('GD00000011', 'The Ngan Hang'),
    ('GD00000012', 'MoMo'),
    ('GD00000013', 'Tien Mat'),
    ('GD00000014', 'The Ngan Hang'),
    ('GD00000015', 'MoMo'),
    ('GD00000016', 'ZaloPay'),
    ('GD00000017', 'Tien Mat'),
    ('GD00000018', 'Tien Mat'),
    ('GD00000019', 'The Ngan Hang'),
    ('GD00000020', 'MoMo'),
    ('GD00000021', 'Tien Mat'),
    ('GD00000022', 'The Ngan Hang'),
    ('GD00000023', 'MoMo'),
    ('GD00000024', 'ZaloPay'),
    ('GD00000025', 'Tien Mat'),
    ('GD00000026', 'Tien Mat'),
    ('GD00000027', 'The Ngan Hang'),
    ('GD00000028', 'MoMo'),
    ('GD00000029', 'Tien Mat'),
    ('GD00000030', 'ZaloPay'),
    ('GD00000031', 'The Ngan Hang'),
    ('GD00000032', 'MoMo'),
    ('GD00000033', 'Tien Mat'),
    ('GD00000034', 'The Ngan Hang'),
    ('GD00000035', 'MoMo'),
    ('GD00000036', 'ZaloPay'),
    ('GD00000037', 'Tien Mat'),
    ('GD00000038', 'Tien Mat'),
    ('GD00000039', 'The Ngan Hang'),
    ('GD00000040', 'MoMo'),
    ('GD00000041', 'Tien Mat'),
    ('GD00000042', 'The Ngan Hang'),
    ('GD00000043', 'MoMo'),
    ('GD00000044', 'ZaloPay'),
    ('GD00000045', 'Tien Mat'),
    ('GD00000046', 'Tien Mat'),
    ('GD00000047', 'The Ngan Hang'),
    ('GD00000048', 'MoMo'),
    ('GD00000049', 'Tien Mat'),
    ('GD00000050', 'ZaloPay'),
    ('GD00000051', 'The Ngan Hang'),
    ('GD00000052', 'MoMo'),
    ('GD00000053', 'Tien Mat'),
    ('GD00000054', 'The Ngan Hang'),
    ('GD00000055', 'MoMo'),
    ('GD00000056', 'ZaloPay'),
    ('GD00000057', 'Tien Mat');

INSERT INTO XuatHoaDon (MaHoaDon, MaDonHang, MaNhanVien)
VALUES 
    ('HD00000001', 'DH00000001', 'NV00000006'),
    ('HD00000002', 'DH00000002', 'NV00000007'),
    ('HD00000003', 'DH00000003', 'NV00000008'),
    ('HD00000004', 'DH00000004', 'NV00000009'),
    ('HD00000005', 'DH00000005', 'NV00000011'),
    ('HD00000006', 'DH00000006', 'NV00000006'),
    ('HD00000007', 'DH00000007', 'NV00000006'),
    ('HD00000008', 'DH00000008', 'NV00000012'),
    ('HD00000009', 'DH00000009', 'NV00000007'),
    ('HD00000010', 'DH00000010', 'NV00000007'),
    ('HD00000011', 'DH00000011', 'NV00000013'),
    ('HD00000012', 'DH00000012', 'NV00000008'),
    ('HD00000013', 'DH00000013', 'NV00000008'),
    ('HD00000014', 'DH00000014', 'NV00000014'),
    ('HD00000015', 'DH00000015', 'NV00000009'),
    ('HD00000016', 'DH00000016', 'NV00000009'),
    ('HD00000017', 'DH00000017', 'NV00000011'),
    ('HD00000018', 'DH00000018', 'NV00000012'),
    ('HD00000019', 'DH00000019', 'NV00000013'),
    ('HD00000020', 'DH00000020', 'NV00000014'),
    ('HD00000021', 'DH00000021', 'NV00000006'),
    ('HD00000022', 'DH00000022', 'NV00000006'),
    ('HD00000023', 'DH00000023', 'NV00000011'),
    ('HD00000024', 'DH00000024', 'NV00000007'),
    ('HD00000025', 'DH00000025', 'NV00000012'),
    ('HD00000026', 'DH00000026', 'NV00000007'),
    ('HD00000027', 'DH00000027', 'NV00000013'),
    ('HD00000028', 'DH00000028', 'NV00000008'),
    ('HD00000029', 'DH00000029', 'NV00000008'),
    ('HD00000030', 'DH00000030', 'NV00000009'),
    ('HD00000031', 'DH00000031', 'NV00000009'),
    ('HD00000033', 'DH00000033', 'NV00000006'),
    ('HD00000034', 'DH00000034', 'NV00000011'),
    ('HD00000035', 'DH00000035', 'NV00000006'),
    ('HD00000036', 'DH00000036', 'NV00000011'),
    ('HD00000037', 'DH00000037', 'NV00000012'),
    ('HD00000038', 'DH00000038', 'NV00000007'),
    ('HD00000039', 'DH00000039', 'NV00000012'),
    ('HD00000040', 'DH00000040', 'NV00000007'),
    ('HD00000041', 'DH00000041', 'NV00000013'),
    ('HD00000042', 'DH00000042', 'NV00000008'),
    ('HD00000043', 'DH00000043', 'NV00000013'),
    ('HD00000044', 'DH00000044', 'NV00000008'),
    ('HD00000045', 'DH00000045', 'NV00000014'),
    ('HD00000046', 'DH00000046', 'NV00000009'),
    ('HD00000047', 'DH00000047', 'NV00000014'),
    ('HD00000048', 'DH00000048', 'NV00000009'),
    ('HD00000049', 'DH00000049', 'NV00000006'),
    ('HD00000050', 'DH00000050', 'NV00000006'),
    ('HD00000051', 'DH00000051', 'NV00000011'),
    ('HD00000052', 'DH00000052', 'NV00000006'),
    ('HD00000053', 'DH00000053', 'NV00000006'),
    ('HD00000054', 'DH00000054', 'NV00000006'),
    ('HD00000055', 'DH00000055', 'NV00000011'),
    ('HD00000056', 'DH00000056', 'NV00000006'),
    ('HD00000057', 'DH00000057', 'NV00000006');




-- enable all constraints
EXEC sp_MSforeachtable @command1="print '?'", @command2="ALTER TABLE ? WITH CHECK CHECK CONSTRAINT all";

-- select *
-- from [dbo].[ChuongTrinhKhuyenMai]
-- delete [dbo].[ChuongTrinhKhuyenMai]
-- select *
-- from [dbo].[KhuyenMaiTheoSoTien]
